Workbook
Name Kans: #REF!
Name Kans: #REF!
Name Klas: #REF!
Name Klas: #REF!
Name Print_Area: 'Beoordelingsmodel KO+KV'!$A$1:$N$41

Sheet Beoordelingsmodel KO+KV
D1: Beoordelingscriteria: Ketenonderzoek: voldaan/niet voldaan (2 kansen), Ketenverbetering summatieve beoordeling over het totale rapport (2 kansen)
D2: Onderzoeksgroep
D3: Opdrachtgever
D4: Docent
D5: Inleverdatum
C7: Leeruitkomst | H7: 1 - uitmuntend | I7: 2 - goed | J7: 3 - voldoende | K7: 4 - onvoldoende | L7: Beoordeling waarde 1,2,3 of 4 invullen | M7: Beoordeling Ketenonderzoek | N7: Waardering | O7: Beoordeling Ketenverbetering | P7: Aangepaste beoordelingscriterium | Q7: Feedback / Opmerkingen 2e beoordelaar
B8: Define | C8: De projectgroep definieert potentie voor verbeteringen binnen het ketenproces (supply chain) | E8: Het probleem/verbeterpotentieel is gedefinieerd | H8: De projectgroep scoort meer dan goed | I8: En het probleem is verdiepend onderzocht en ingekaderd vanuit de literatuur. | J8: Alle 5 de W's komen adequaat naar voren in de probleemanalyse en deze zijn vanuit meerdere invalshoeken beschreven. Relevante fulfilmentt theorie is verkend met behulp van meerdere (theoretische) bronnen. De verwachtingen van de opdrachtgever ten aanzien van het projectresultaat zijn adequaat in kaart gebracht. De opdrachtgever is akkoord met de inhoud van de geformuleerde onderzoeksopdracht. | K8: De projectgroep voldoet niet aan de criteria voor voldoende | L8: 1 | M8: =IF(AVERAGE(O8,O14,O19)>=5.5,IF(L30=Keuzelijst!$F$1,"Voldaan","Niet voldaan"),"Niet voldaan") -> Voldaan | N8: =VLOOKUP(L8,Keuzelijst!$A$8:$C$11,3,FALSE) -> 10 | O8: =AVERAGE(N8:N13) -> 10 | P8: Het probleem is niet duidelijk geformuleerd vanuit de opdrachtgever. Verwachting van de opdrachtgever (=het lectoraat) kan wel in kaart gebracht worden. Welke (mogelijke) problemen willen jullie onderzoeken? Wat verwacht de opdrachtgever (=het lectoraat Supply Chain Finance) van jullie?
E9: Het te verbeteren ketenproces is globaal beschreven en visueel uitgewerkt a.d.h.v. one product of one part of productfamilie. | H9: De projectgroep scoort meer dan goed | I9: Er is een uitgebreide rekenkundige onderbouwing | J9: De keuze is onderbouwd en voldoet aan de criteria stabiliteit en volume. De keuze voor de keten is beargumenteerd. Er zijn minimaal 2 ketenpartners beschreven. Er is duidelijk beschreven wie van de 2 ketenpartners de opdrachtgever is. Het organisatieonderdeel (bijvoorbeeld afdeling of bedrijfsonderdeel) waar de opdracht zich afspeelt is duidelijk omschreven. Er is een goede onderbouwing van de product oriëntatie. (zie pagina 13 studieboek Martichenko, 2010). Criteria zijn ondermeer 'hoog volume en stabiele klantvraag klantvraag'. | K9: De projectgroep voldoet niet aan de criteria voor voldoende | L9: 1 | N9: =VLOOKUP(L9,Keuzelijst!$A$8:$C$11,3,FALSE) -> 10 | P9: De keten is globaal omschreven. De schakels in de keten zijn toegelicht, er zijn minimaal 2 ketenpartners omschreven. Het is niet nodig om een onderbouwing te geven over stabiliteit van afzet in cijfers, als het mogelijk is probeer te focussen op een productgroep (bijvoorbeeld de banden van Scania) of onderdeel (bijvoorbeeld de spatborden van Scania)
E10: De klantwens is bepaald | H10: De projectgroep scoort meer dan goed | I10: Dit resultaat is gemeten en geïnterpreteerd. | J10: De klantwens is bepaald en uitgewerkt tot een relevant meetbaar resultaat | K10: De projectgroep voldoet niet aan de criteria voor voldoende | L10: 1 | N10: =VLOOKUP(L10,Keuzelijst!$A$8:$C$11,3,FALSE) -> 10 | P10: De klantwens is niet meetbaar voor dit project en wordt pas achteraf gevalideerd met de klant. Jullie kunnen echter wel toelichten hoe dit proces gaat lopen. Wat wil de opdrachtgever (=het lectoraat Supply Chain Finance) van jullie zien? Is er sprake van twee klanten (het bedrijf en het lectoraat?)
E11: De doelstelling van het project is geformuleerd | H11: De projectgroep scoort meer dan goed | I11: De doelstelling is onderbouwd met een benchmark en/of relevante (wetenschappelijke) publicatie. | J11: De doelstelling van het project is meetbaar, tijdsgeboden en volgt logisch uit de klantwens. Een schatting van de opbrengst in termen van profit, people en planet is gegeven. | K11: De projectgroep voldoet niet aan de criteria voor voldoende | L11: 1 | N11: =VLOOKUP(L11,Keuzelijst!$A$8:$C$11,3,FALSE) -> 10 | P11: Doelstelling is niet SMART te formuleren, maar het is wel mogelijk om in hoofdlijnen te bepalen wat de uitkomst van het project moet zijn. Denk ook aan alternatieve supply chain prestaties, zoals CO2 uitstoot, Maatschappelijk Verantwoord Ondernemen binnen de keten, CSRD compliance, retourestromen, afvalvermindering, recyclingpercentages, ...
E12: De hoofd- en deelvragen zijn duidelijk geformuleerd op basis van de DMAIC-structuur | H12: De projectgroep scoort meer dan goed | I12: Aan alle aspecten van DMAIC wordt aandacht besteed. | J12: De hoofdvraag van het project is meetbaar en volgt logisch uit de klantwens. De hoofd- en deelvragen worden beantwoord in het rapport. | K12: De projectgroep voldoet niet aan de criteria voor voldoende | L12: 1 | N12: =VLOOKUP(L12,Keuzelijst!$A$8:$C$11,3,FALSE) -> 10 | P12: Hoofd- en deelvragen kunnen opgesteld worden, Koppeling met DMAIC wordt lastig maar ook niet per se verplicht
E13: Het theoretisch kader is uitgewerkt | H13: De projectgroep scoort meer dan goed | I13: En het probleem is verdiepend onderzocht en ingekaderd vanuit de literatuur. | J13: Het theoretisch kader is onderbouwd op basis van relevante theorie. Minimaal worden die onderzoeksgebieden en theoretische begrippen uitgewerkt die in direct verband staan met de hoofdvraag en/of doelstelling. | K13: De projectgroep voldoet niet aan de criteria voor voldoende | L13: 1 | N13: =VLOOKUP(L13,Keuzelijst!$A$8:$C$11,3,FALSE) -> 10
B14: Measure | C14: De projectgroep maakt een onderzoeksontwerp en een dataverzamelingsplan en een analyseplan voor de gedefinieerde ketenverbetering | E14: Er is een realistische planning voor het project opgesteld | H14: De projectgroep scoort meer dan goed | I14: En er wordt rekening gehouden met minimale en maximale tijdsduur van activiteiten die helder onderbouwd wordt. | J14: De planning is haalbaar en volledig, risico's zijn benoemd en er zijn mitigerende maatregelen bepaald | K14: De projectgroep voldoet niet aan de criteria voor voldoende | L14: 1 | N14: =VLOOKUP(L14,Keuzelijst!$A$8:$C$11,3,FALSE) -> 10 | O14: =AVERAGE(N14:N18) -> 10
E15: De beoogde metingen zijn bruikbaar | H15: De projectgroep scoort meer dan goed | I15: En er wordt verantwoord waarom er voor deze metingen en methodes gekozen is. Er is aandacht voor validiteit en betrouwbaarheid. | J15: Iedere beoogde meting is beschreven en het geheel aan metingen stelt de projectgroep in staat om de prestaties m.b.t. de klantwens te meten en een current state (inclusief verspillingen) op te stellen voor de goederen/dienstenstroom, informatie- en geldstroom. | K15: De projectgroep voldoet niet aan de criteria voor voldoende | L15: 1 | N15: =VLOOKUP(L15,Keuzelijst!$A$8:$C$11,3,FALSE) -> 10 | P15: Meetplan kan opgesteld worden. Wat wil je dmv. Het AI tool onderzoeken? Op welke informatie ben je naar op zoek? Welke alternatieve bronnen ga je raadplegen? Literatuuronderzoek, benchmarks, publicaties,…
C16: De projectgroep verzamelt relevante data ten behoeve van het ketenproces (supply chain) gebruikmakend van diverse technieken en kan deze op waarde schatten | E16: De beoogde analyses geven relevante informatie | H16: De projectgroep scoort meer dan goed | I16: En de gemaakte overwegingen en keuzes worden met relevante argumenten onderbouwd. Er is gebruik gemaakt van de guiding principles. | J16: De beoogde analyses stellen de projectgroep in staat om een verband te leggen tussen de prestaties m.b.t. de klantwens en de inrichting van het ketenproces. | K16: De projectgroep voldoet niet aan de criteria voor voldoende | L16: 1 | N16: =VLOOKUP(L16,Keuzelijst!$A$8:$C$11,3,FALSE) -> 10
E17: Data is op verschillende wijzen verzameld | H17: De projectgroep scoort meer dan goed | I17: En er worden goede afwegingen gemaakt m.b.t. het presenteren van de data in de hoofdtekst of bijlages | J17: Er zijn meer dan 2 verschillende technieken gebruikt om data te verzamelen en de data is zorgvuldig geregistreerd. De current state is volgens een gangbare conventies opgesteld. | K17: De projectgroep voldoet niet aan de criteria voor voldoende | L17: 1 | N17: =VLOOKUP(L17,Keuzelijst!$A$8:$C$11,3,FALSE) -> 10 | P17: 1 manier van dataverzameling (AI tool) aanvullende onderbouwing dmv. Literatuuronderzoek is mogelijk
E18: De verzamelde data is op waarde geschat | H18: De projectgroep scoort meer dan goed | I18: Uit de beschouwingen blijkt dat er sprake is van bewuste gemaakte keuzes m.b.t. betrouwbaarheid en validiteit. | J18: Relevantie en kwaliteit op basis van betrouwbaarheid en validiteit van de verzamelde data is beschouwd en indien noodzakelijk zijn er extra metingen t.o.v. het meetplan uitgevoerd. | K18: De projectgroep voldoet niet aan de criteria voor voldoende | L18: 1 | N18: =VLOOKUP(L18,Keuzelijst!$A$8:$C$11,3,FALSE) -> 10 | P18: Dit is heel belangrijk. Hoe betrouwbaar en valide is de informatie die jullie vinden? Hoe loopt de validatie door de opdrachtgever? Wat zijn de verschillen tussen AI data en informatie van de opdrachtgever?
B19: Analyze | C19: De projectgroep zet data om in informatie en geeft deze op overzichtelijke wijze weer | E19: Verzamelde data is vertaald in een current state map | H19: De projectgroep scoort meer dan goed | I19: En de diepgang van deze visualisatie is afgestemd op de complexiteit van het onderzoek. | J19: De prestaties m.b.t. de klantwens zijn overzichtelijk weergegeven in een passend format en de current state is opgesteld volgens een gangbare conventie voor de goederen/dienstenstroom, de informatie- en geldstroom | K19: De projectgroep voldoet niet aan de criteria voor voldoende | L19: 1 | N19: =VLOOKUP(L19,Keuzelijst!$A$8:$C$11,3,FALSE) -> 10 | O19: =AVERAGE(N19:N21) -> 10 | P19: Current state kan opgesteld worden.
E20: Verzamelde data is geanalyseerd | H20: De projectgroep scoort meer dan goed | I20: En er is sprake van een grondige analyse die overtuigend wordt gepresenteerd | J20: De prestaties m.b.t. de klantwens zijn verklaard vanuit de inrichting van het ketenproces (d.m.v. het gebruik van analysetechnieken en/of modellen) en de lean fulfillment knelpunten in het ketenproces zijn benoemd. | K20: De projectgroep voldoet niet aan de criteria voor voldoende | L20: 1 | N20: =VLOOKUP(L20,Keuzelijst!$A$8:$C$11,3,FALSE) -> 10 | P20: Analyse is mogelijk op basis van de verzamelde data
E21: Oorzaken van knelpunten zijn achterhaald | H21: De projectgroep scoort meer dan goed | I21: En er is helder onderbouwd welke oorzaken het meest relevant zijn voor dit onderzoek binnen de relevante onderzoeksgebieden (bijvoorbeeld customer collaboration en de overige 5 onderzoeksgebieden). Er is een toelichting gegeven op de wijze waarop de verzamelde data is geanalyseerd. | J21: Oorzaken van de belangrijkste knelpunten zijn achterhaald inclusief hun impact, in kaart gebracht en geverifieerd met interne en externe stakeholders door bijvoorbeeld een visgraagdiagram of een andere analysemethode | K21: De projectgroep voldoet niet aan de criteria voor voldoende | L21: 1 | N21: =VLOOKUP(L21,Keuzelijst!$A$8:$C$11,3,FALSE) -> 10 | P21: Knelpunten kunnen achterhaald en mogelijk ook gevalideerd worden met de opdrachtgever tijdens de presentatie
B22: Improve | C22: De projectgroep stelt een onderbouwd verbeteradvies op waarbij rekening gehouden wordt met kosten en baten, risico's en impact op stakeholders | E22: Er zijn meerdere verbetersuggesties gegenereerd | H22: De projectgroep scoort meer dan goed | I22: En deze suggesties verschillen van elkaar in onderwerp en termijn. | J22: Er zijn minimaal 3 verbetersuggesties gegenereerd met behulp van meerdere technieken (e.g. literatuur, brainstormsessies, benchmarks). In het onderzoeksrapport is het gekozen verbeteradvies verder uitgewerkt met een onderbouwing de benodigde investeringen en terugverdientijd. | K22: De projectgroep voldoet niet aan de criteria voor voldoende | L22: 1 | M22: Geen beoordeling | N22: =VLOOKUP(L22,Keuzelijst!$A$8:$C$11,3,FALSE) -> 10 | O22: =AVERAGE(N22:N25) -> 10
E23: De verbetersuggesties zijn gewogen | H23: De projectgroep scoort meer dan goed | I23: Minimaal 1 verbetersuggestie is bedacht op basis van literatuur of het uitvoeren van een benchmark en/of de wegigngscriteria zijn duidelijk toegelicht, voor elk verbetervoorstel is toegelicht hoe de scores tot stand komen. | J23: Voor alle verbetersuggesties zijn het resultaat en de impact op gebied van people, planet en profit beschreven en gewogen. De door te voeren suggesties zijn geselecteerd. Er is gebruik gemaakt van de gewogen factorscore methode. | K23: De projectgroep voldoet niet aan de criteria voor voldoende | L23: 1 | N23: =VLOOKUP(L23,Keuzelijst!$A$8:$C$11,3,FALSE) -> 10
C24: De projectgroep maakt een implementatieplan voor een beoogde aanpassing aan een proces | E24: De beoogde aanpassingen zijn vertaald in een future state map en een GAP-analyse. | H24: De projectgroep scoort meer dan goed | I24: En de diepgang van deze visualisatie is afgestemd op de complexiteit van het onderzoek. De GAP-analyse laat een duidelijk verschil zien tussen de current state en de future state en is gekoppeld aan de hoofdvraag. | J24: Er is een future state map van het proces na de beoogde aanpassingen opgesteld volgens gangbare conventie en de prestaties m.b.t. de klantwens in de nieuwe situatie zijn bepaald. Er is een GAP analyse uitgevoerd. | K24: De projectgroep voldoet niet aan de criteria voor voldoende | L24: 1 | N24: =VLOOKUP(L24,Keuzelijst!$A$8:$C$11,3,FALSE) -> 10
E25: Mogelijke weerstand is in kaart gebracht | H25: De projectgroep scoort meer dan goed | I25: En er wordt aandacht besteed aan de wijze waarop hier in de toekomst mee omgegaan kan worden | J25: Weerstand van interne en externe betrokken stakeholders is in kaart gebracht en er is draagvlak voor verbetering gecreëerd | K25: De projectgroep voldoet niet aan de criteria voor voldoende | L25: 1 | N25: =VLOOKUP(L25,Keuzelijst!$A$8:$C$11,3,FALSE) -> 10
B26: Control | C26: De projectgroep stelt een plan en meetinstrumenten op waarin staat hoe de resultaten geborgd worden | E26: Het implementatieplan is realistisch | H26: De projectgroep scoort meer dan goed | I26: En er is overtuigend aangegeven op welke wijze dit doorgevoerd wordt bij de opdrachtgever | J26: Alle acties die benodigd zijn om de beoogde aanpassingen binnen het ketenproces door te voeren staan vermeld in het implementatieplan. Er is een inschatting gegeven van de benodigde tijd, middelen, kosten en verantwoordelijken. | K26: De projectgroep voldoet niet aan de criteria voor voldoende | L26: 1 | M26: Geen beoordeling | N26: =VLOOKUP(L26,Keuzelijst!$A$8:$C$11,3,FALSE) -> 10 | O26: =AVERAGE(N26:N29) -> 10
E27: Het borgingsplan garandeert een bestendige verbetering van het proces | H27: De projectgroep scoort meer dan goed | I27: Er wordt overtuigend aangegeven op welke wijze dit is overgedragen aan de opdrachtgever | J27: Naast procedures of werkinstructies uitgewerkt zijn aanvullende middelen ingezet om het proces te borgen inclusief een uitvoerbaar meetinstrument waarmee de procesprestatie inzichtelijk kan worden gemaakt | K27: De projectgroep voldoet niet aan de criteria voor voldoende | L27: 1 | N27: =VLOOKUP(L27,Keuzelijst!$A$8:$C$11,3,FALSE) -> 10
C28: Verantwoording onderzoeksresultaten | E28: Het verbeteradvies is overzichtelijk gepresenteerd in een posterpresentatie | H28: De projectgroep scoort meer dan goed | I28: Het onderzoeksrapport is aantrekkelijk gepresenteerd en kernachtig samengevat in een management samenvatting met een daarbij horende GAP-analayse. | J28: Op de poster staat de onderbouwing van de resultaten met betrekking tot de analyse, afweging van verbetersuggesties, het implementatieplan en de borging. Ook is er aandacht besteedt aan de kosten en de opbrengsten. | K28: De projectgroep voldoet niet aan de criteria voor voldoende | L28: 1 | N28: =VLOOKUP(L28,Keuzelijst!$A$8:$C$11,3,FALSE) -> 10
E29: Kansen voor optimalisaties in de toekomst zijn benoemd | H29: De projectgroep scoort meer dan goed | I29: En bij iedere kans wordt een eerste stap benoemd die gezet kan worden | J29: Er worden kansen voor verbetering benoemd in het kader van continuous improvement op gebied van profit, people en planet | K29: De projectgroep voldoet niet aan de criteria voor voldoende | L29: 1 | N29: =VLOOKUP(L29,Keuzelijst!$A$8:$C$11,3,FALSE) -> 10
I30: Het onderzoeksrapport heeft een goede structuur, heeft een nette opmaak, is correct geschreven, voldoet aan APA en max 9000 woorden en is op tijd ingeleverd? Aan de voorwaarden voor schrijfvaardigheid en rapportage, het gebruik van GenAI en de evaluatie van de groepssamenwerking wordt voldaan. Bij eventuele herkansingen dienen de wijziging te zijn gearceerd. | L30: Voldaan
I31: Beoordeling | L31: =IF(L30=Keuzelijst!$F$1,AVERAGE(O26,O22,O19,O14,O8),4) -> 10

Sheet Keuzelijst
A1: 1 | F1: Voldaan
A2: 2 | F2: Niet voldaan
A3: 3
A4: 4
A8: 1 | B8: = | C8: 10
A9: 2 | B9: = | C9: 8
A10: 3 | B10: = | C10: 6
A11: 4 | B11: = | C11: 3
